discount,title,brand,category,price,rating,key features,specifications,warranty
N/A,Paco Rabanne Lady Million Eau De Parfum For Her,Paco Rabanne,Fragrance/Perfume,INR 2180,N/A,N/A,N/A,N/A
15% Off,Paco Rabanne 1 Million Parfum For Men,Paco Rabanne,Fragrance/Perfume,INR 8662,N/A,N/A,Available in 3 sizes,N/A
15% Off,Paco Rabanne 1 Million Elixir Parfum Intense For Him,Paco Rabanne,Fragrance/Perfume,INR 12283,N/A,N/A,Available in 3 sizes,N/A
15% Off,Paco Rabanne Lady Million Eau De Parfum,Paco Rabanne,Fragrance/Perfume,INR 8925,N/A,N/A,Available in 3 sizes,N/A
15% Off,Paco Rabanne 1 Million Royal Parfum For Him,Paco Rabanne,Fragrance/Perfume,INR 8007,N/A,N/A,Available in 2 sizes,N/A
N/A,Paco Rabanne Invictus Eau De Toilette For Him,Paco Rabanne,Fragrance/Perfume,INR 1880,N/A,N/A,N/A,N/A
15% Off,Paco Rabanne 1 Million Eau De Toilette For Him,Paco Rabanne,Fragrance/Perfume,INR 5653,N/A,N/A,Available in 3 sizes,N/A
15% Off,Paco Rabanne Olympea Eau De Parfum For Her,Paco Rabanne,Fragrance/Perfume,INR 8364,N/A,N/A,Available in 3 sizes,N/A
15% Off,Paco Rabanne Invictus Eau De Toilette For Him,Paco Rabanne,Fragrance/Perfume,INR 4896,N/A,N/A,Available in 3 sizes,N/A
15% Off,Paco Rabanne Fame Eau De Parfum For Her,Paco Rabanne,Fragrance/Perfume,INR 9945,N/A,N/A,Available in 3 sizes,N/A
15% Off,Paco Rabanne Million Gold Eau De Parfum For Her,Paco Rabanne,Fragrance/Perfume,INR 7710,N/A,N/A,Available in 3 sizes,N/A
20% Off,Paco Rabanne Million Gold Elixir Eau De Parfum Intense,Paco Rabanne,Fragrance/Perfume,INR 8520,N/A,N/A,Available in 2 sizes,N/A
,Paco Rabanne Fame Intense Eau De Parfum For Her,Paco Rabanne,Fragrance/Perfume,INR 9877,N/A,,,
